Date,DJIA
2015-06-26,17946.6796875
2015-06-29,17596.349609375
2015-06-30,17619.509765625
2015-07-01,17757.91015625
2015-07-02,17730.109375
2015-07-06,17683.580078125
2015-07-07,17776.91015625
2015-07-08,17515.419921875
2015-07-09,17548.619140625
2015-07-10,17760.41015625
2015-07-13,17977.6796875
2015-07-14,18053.580078125
2015-07-15,18050.169921875
2015-07-16,18120.25
2015-07-17,18086.44921875
2015-07-20,18100.41015625
2015-07-21,17919.2890625
2015-07-22,17851.0390625
2015-07-23,17731.919921875
2015-07-24,17568.529296875
2015-07-27,17440.58984375
2015-07-28,17630.26953125
2015-07-29,17751.390625
2015-07-30,17745.98046875
2015-07-31,17689.859375
2015-08-03,17598.19921875
2015-08-04,17550.689453125
2015-08-05,17540.470703125
2015-08-06,17419.75
2015-08-07,17373.380859375
2015-08-10,17615.169921875
2015-08-11,17402.83984375
2015-08-12,17402.509765625
2015-08-13,17408.25
2015-08-14,17477.400390625
2015-08-17,17545.1796875
2015-08-18,17511.33984375
2015-08-19,17348.73046875
2015-08-20,16990.689453125
2015-08-21,16459.75
2015-08-24,15871.349609375
2015-08-25,15666.4404296875
2015-08-26,16285.509765625
2015-08-27,16654.76953125
2015-08-28,16643.009765625
2015-08-31,16528.029296875
2015-09-01,16058.349609375
2015-09-02,16351.3798828125
2015-09-03,16374.759765625
2015-09-04,16102.3798828125
2015-09-08,16492.6796875
2015-09-09,16253.5703125
2015-09-10,16330.400390625
2015-09-11,16433.08984375
2015-09-14,16370.9599609375
2015-09-15,16599.849609375
2015-09-16,16739.94921875
2015-09-17,16674.740234375
2015-09-18,16384.580078125
2015-09-21,16510.189453125
2015-09-22,16330.4697265625
2015-09-23,16279.8896484375
2015-09-24,16201.3203125
2015-09-25,16314.669921875
2015-09-28,16001.8896484375
2015-09-29,16049.1298828125
2015-09-30,16284.7001953125
2015-10-01,16272.009765625
2015-10-02,16472.369140625
2015-10-05,16776.4296875
2015-10-06,16790.189453125
2015-10-07,16912.2890625
2015-10-08,17050.75
2015-10-09,17084.490234375
2015-10-12,17131.859375
2015-10-13,17081.890625
2015-10-14,16924.75
2015-10-15,17141.75
2015-10-16,17215.970703125
2015-10-19,17230.5390625
2015-10-20,17217.109375
2015-10-21,17168.609375
2015-10-22,17489.16015625
2015-10-23,17646.69921875
2015-10-26,17623.05078125
2015-10-27,17581.4296875
2015-10-28,17779.51953125
2015-10-29,17755.80078125
2015-10-30,17663.5390625
2015-11-02,17828.759765625
2015-11-03,17918.150390625
2015-11-04,17867.580078125
2015-11-05,17863.4296875
2015-11-06,17910.330078125
2015-11-09,17730.48046875
2015-11-10,17758.2109375
2015-11-11,17702.220703125
2015-11-12,17448.0703125
2015-11-13,17245.240234375
2015-11-16,17483.009765625
2015-11-17,17489.5
2015-11-18,17737.16015625
2015-11-19,17732.75
2015-11-20,17823.810546875
2015-11-23,17792.6796875
2015-11-24,17812.189453125
2015-11-25,17813.390625
2015-11-27,17813.390625
2015-11-30,17719.919921875
2015-12-01,17888.349609375
2015-12-02,17729.6796875
2015-12-03,17477.669921875
2015-12-04,17847.630859375
2015-12-07,17730.509765625
2015-12-08,17568.0
2015-12-09,17492.30078125
2015-12-10,17574.75
2015-12-11,17265.2109375
2015-12-14,17368.5
2015-12-15,17524.91015625
2015-12-16,17749.08984375
2015-12-17,17495.83984375
2015-12-18,17128.55078125
2015-12-21,17251.619140625
2015-12-22,17417.26953125
2015-12-23,17602.609375
2015-12-24,17552.169921875
2015-12-28,17528.26953125
2015-12-29,17720.98046875
2015-12-30,17603.869140625
2015-12-31,17425.029296875
2016-01-04,17148.939453125
2016-01-05,17158.66015625
2016-01-06,16906.509765625
2016-01-07,16514.099609375
2016-01-08,16346.4501953125
2016-01-11,16398.5703125
2016-01-12,16516.220703125
2016-01-13,16151.41015625
2016-01-14,16379.0498046875
2016-01-15,15988.080078125
2016-01-19,16016.01953125
2016-01-20,15766.740234375
2016-01-21,15882.6796875
2016-01-22,16093.509765625
2016-01-25,15885.2197265625
2016-01-26,16167.23046875
2016-01-27,15944.4599609375
2016-01-28,16069.6396484375
2016-01-29,16466.30078125
2016-02-01,16449.1796875
2016-02-02,16153.5400390625
2016-02-03,16336.66015625
2016-02-04,16416.580078125
2016-02-05,16204.9697265625
2016-02-08,16027.0498046875
2016-02-09,16014.3798828125
2016-02-10,15914.740234375
2016-02-11,15660.1796875
2016-02-12,15973.83984375
2016-02-16,16196.41015625
2016-02-17,16453.830078125
2016-02-18,16413.4296875
2016-02-19,16391.990234375
2016-02-22,16620.66015625
2016-02-23,16431.779296875
2016-02-24,16484.990234375
2016-02-25,16697.2890625
2016-02-26,16639.970703125
2016-02-29,16516.5
2016-03-01,16865.080078125
2016-03-02,16899.3203125
2016-03-03,16943.900390625
2016-03-04,17006.76953125
2016-03-07,17073.94921875
2016-03-08,16964.099609375
2016-03-09,17000.359375
2016-03-10,16995.130859375
2016-03-11,17213.310546875
2016-03-14,17229.130859375
2016-03-15,17251.529296875
2016-03-16,17325.759765625
2016-03-17,17481.490234375
2016-03-18,17602.30078125
2016-03-21,17623.869140625
2016-03-22,17582.5703125
2016-03-23,17502.58984375
2016-03-24,17515.73046875
2016-03-28,17535.390625
2016-03-29,17633.109375
2016-03-30,17716.66015625
2016-03-31,17685.08984375
2016-04-01,17792.75
2016-04-04,17737.0
2016-04-05,17603.3203125
2016-04-06,17716.05078125
2016-04-07,17541.9609375
2016-04-08,17576.9609375
2016-04-11,17556.41015625
2016-04-12,17721.25
2016-04-13,17908.279296875
2016-04-14,17926.4296875
2016-04-15,17897.4609375
2016-04-18,18004.16015625
2016-04-19,18053.599609375
2016-04-20,18096.26953125
2016-04-21,17982.51953125
2016-04-22,18003.75
2016-04-25,17977.240234375
2016-04-26,17990.3203125
2016-04-27,18041.55078125
2016-04-28,17830.759765625
2016-04-29,17773.640625
2016-05-02,17891.16015625
2016-05-03,17750.91015625
2016-05-04,17651.259765625
2016-05-05,17660.7109375
2016-05-06,17740.630859375
2016-05-09,17705.91015625
2016-05-10,17928.349609375
2016-05-11,17711.119140625
2016-05-12,17720.5
2016-05-13,17535.3203125
2016-05-16,17710.7109375
2016-05-17,17529.98046875
2016-05-18,17526.619140625
2016-05-19,17435.400390625
2016-05-20,17500.939453125
2016-05-23,17492.9296875
2016-05-24,17706.05078125
2016-05-25,17851.509765625
2016-05-26,17828.2890625
2016-05-27,17873.220703125
2016-05-31,17787.19921875
2016-06-01,17789.669921875
2016-06-02,17838.560546875
2016-06-03,17807.060546875
2016-06-06,17920.330078125
2016-06-07,17938.279296875
2016-06-08,18005.05078125
2016-06-09,17985.189453125
2016-06-10,17865.33984375
2016-06-13,17732.48046875
2016-06-14,17674.8203125
2016-06-15,17640.169921875
2016-06-16,17733.099609375
2016-06-17,17675.16015625
2016-06-20,17804.869140625
2016-06-21,17829.73046875
2016-06-22,17780.830078125
2016-06-23,18011.0703125
2016-06-24,17400.75
2016-06-27,17140.240234375
2016-06-28,17409.720703125
2016-06-29,17694.6796875
2016-06-30,17929.990234375
2016-07-01,17949.369140625
2016-07-05,17840.619140625
2016-07-06,17918.619140625
2016-07-07,17895.880859375
2016-07-08,18146.740234375
2016-07-11,18226.9296875
2016-07-12,18347.669921875
2016-07-13,18372.119140625
2016-07-14,18506.41015625
2016-07-15,18516.55078125
2016-07-18,18533.05078125
2016-07-19,18559.009765625
2016-07-20,18595.029296875
2016-07-21,18517.23046875
2016-07-22,18570.849609375
2016-07-25,18493.060546875
2016-07-26,18473.75
2016-07-27,18472.169921875
2016-07-28,18456.349609375
2016-07-29,18432.240234375
2016-08-01,18404.509765625
2016-08-02,18313.76953125
2016-08-03,18355.0
2016-08-04,18352.05078125
2016-08-05,18543.529296875
2016-08-08,18529.2890625
2016-08-09,18533.05078125
2016-08-10,18495.66015625
2016-08-11,18613.51953125
2016-08-12,18576.470703125
2016-08-15,18636.05078125
2016-08-16,18552.01953125
2016-08-17,18573.939453125
2016-08-18,18597.69921875
2016-08-19,18552.5703125
2016-08-22,18529.419921875
2016-08-23,18547.30078125
2016-08-24,18481.48046875
2016-08-25,18448.41015625
2016-08-26,18395.400390625
2016-08-29,18502.990234375
2016-08-30,18454.30078125
2016-08-31,18400.880859375
2016-09-01,18419.30078125
2016-09-02,18491.9609375
2016-09-06,18538.119140625
2016-09-07,18526.140625
2016-09-08,18479.91015625
2016-09-09,18085.44921875
2016-09-12,18325.0703125
2016-09-13,18066.75
2016-09-14,18034.76953125
2016-09-15,18212.48046875
2016-09-16,18123.80078125
2016-09-19,18120.169921875
2016-09-20,18129.9609375
2016-09-21,18293.69921875
2016-09-22,18392.4609375
2016-09-23,18261.44921875
2016-09-26,18094.830078125
2016-09-27,18228.30078125
2016-09-28,18339.240234375
2016-09-29,18143.44921875
2016-09-30,18308.150390625
2016-10-03,18253.849609375
2016-10-04,18168.44921875
2016-10-05,18281.029296875
2016-10-06,18268.5
2016-10-07,18240.490234375
2016-10-10,18329.0390625
2016-10-11,18128.66015625
2016-10-12,18144.19921875
2016-10-13,18098.939453125
2016-10-14,18138.380859375
2016-10-17,18086.400390625
2016-10-18,18161.939453125
2016-10-19,18202.619140625
2016-10-20,18162.349609375
2016-10-21,18145.7109375
2016-10-24,18223.029296875
2016-10-25,18169.26953125
2016-10-26,18199.330078125
2016-10-27,18169.6796875
2016-10-28,18161.189453125
2016-10-31,18142.419921875
2016-11-01,18037.099609375
2016-11-02,17959.640625
2016-11-03,17930.669921875
2016-11-04,17888.279296875
2016-11-07,18259.599609375
2016-11-08,18332.740234375
2016-11-09,18589.689453125
2016-11-10,18807.880859375
2016-11-11,18847.66015625
2016-11-14,18868.689453125
2016-11-15,18923.060546875
2016-11-16,18868.140625
2016-11-17,18903.8203125
2016-11-18,18867.9296875
2016-11-21,18956.689453125
2016-11-22,19023.869140625
2016-11-23,19083.1796875
2016-11-25,19152.140625
2016-11-28,19097.900390625
2016-11-29,19121.599609375
2016-11-30,19123.580078125
2016-12-01,19191.9296875
2016-12-02,19170.419921875
2016-12-05,19216.240234375
2016-12-06,19251.779296875
2016-12-07,19549.619140625
2016-12-08,19614.810546875
2016-12-09,19756.849609375
2016-12-12,19796.4296875
2016-12-13,19911.2109375
2016-12-14,19792.529296875
2016-12-15,19852.240234375
2016-12-16,19843.41015625
2016-12-19,19883.060546875
2016-12-20,19974.619140625
2016-12-21,19941.9609375
2016-12-22,19918.880859375
2016-12-23,19933.810546875
2016-12-27,19945.0390625
2016-12-28,19833.6796875
2016-12-29,19819.779296875
2016-12-30,19762.599609375
2017-01-03,19881.759765625
2017-01-04,19942.16015625
2017-01-05,19899.2890625
2017-01-06,19963.80078125
2017-01-09,19887.380859375
2017-01-10,19855.529296875
2017-01-11,19954.279296875
2017-01-12,19891.0
2017-01-13,19885.73046875
2017-01-17,19826.76953125
2017-01-18,19804.720703125
2017-01-19,19732.400390625
2017-01-20,19827.25
2017-01-23,19799.849609375
2017-01-24,19912.7109375
2017-01-25,20068.509765625
2017-01-26,20100.91015625
2017-01-27,20093.779296875
2017-01-30,19971.130859375
2017-01-31,19864.08984375
2017-02-01,19890.939453125
2017-02-02,19884.91015625
2017-02-03,20071.4609375
2017-02-06,20052.419921875
2017-02-07,20090.2890625
2017-02-08,20054.33984375
2017-02-09,20172.400390625
2017-02-10,20269.369140625
2017-02-13,20412.16015625
2017-02-14,20504.41015625
2017-02-15,20611.859375
2017-02-16,20619.76953125
2017-02-17,20624.05078125
2017-02-21,20743.0
2017-02-22,20775.599609375
2017-02-23,20810.3203125
2017-02-24,20821.759765625
2017-02-27,20837.439453125
2017-02-28,20812.240234375
2017-03-01,21115.55078125
2017-03-02,21002.970703125
2017-03-03,21005.7109375
2017-03-06,20954.33984375
2017-03-07,20924.759765625
2017-03-08,20855.73046875
2017-03-09,20858.189453125
2017-03-10,20902.98046875
2017-03-13,20881.48046875
2017-03-14,20837.369140625
2017-03-15,20950.099609375
2017-03-16,20934.55078125
2017-03-17,20914.619140625
2017-03-20,20905.859375
2017-03-21,20668.009765625
2017-03-22,20661.30078125
2017-03-23,20656.580078125
2017-03-24,20596.720703125
2017-03-27,20550.98046875
2017-03-28,20701.5
2017-03-29,20659.3203125
2017-03-30,20728.490234375
2017-03-31,20663.220703125
2017-04-03,20650.2109375
2017-04-04,20689.240234375
2017-04-05,20648.150390625
2017-04-06,20662.94921875
2017-04-07,20656.099609375
2017-04-10,20658.01953125
2017-04-11,20651.30078125
2017-04-12,20591.859375
2017-04-13,20453.25
2017-04-17,20636.919921875
2017-04-18,20523.279296875
2017-04-19,20404.490234375
2017-04-20,20578.7109375
2017-04-21,20547.759765625
2017-04-24,20763.890625
2017-04-25,20996.119140625
2017-04-26,20975.08984375
2017-04-27,20981.330078125
2017-04-28,20940.509765625
2017-05-01,20913.4609375
2017-05-02,20949.890625
2017-05-03,20957.900390625
2017-05-04,20951.470703125
2017-05-05,21006.939453125
2017-05-08,21012.279296875
2017-05-09,20975.779296875
2017-05-10,20943.109375
2017-05-11,20919.419921875
2017-05-12,20896.609375
2017-05-15,20981.939453125
2017-05-16,20979.75
2017-05-17,20606.9296875
2017-05-18,20663.01953125
2017-05-19,20804.83984375
2017-05-22,20894.830078125
2017-05-23,20937.91015625
2017-05-24,21012.419921875
2017-05-25,21082.94921875
2017-05-26,21080.279296875
2017-05-30,21029.470703125
2017-05-31,21008.650390625
2017-06-01,21144.1796875
2017-06-02,21206.2890625
2017-06-05,21184.0390625
2017-06-06,21136.23046875
2017-06-07,21173.689453125
2017-06-08,21182.529296875
2017-06-09,21271.970703125
2017-06-12,21235.669921875
2017-06-13,21328.470703125
2017-06-14,21374.560546875
2017-06-15,21359.900390625
2017-06-16,21384.279296875
2017-06-19,21528.990234375
2017-06-20,21467.140625
2017-06-21,21410.029296875
2017-06-22,21397.2890625
2017-06-23,21394.759765625
2017-06-26,21409.55078125
2017-06-27,21310.66015625
2017-06-28,21454.609375
2017-06-29,21287.029296875
2017-06-30,21349.630859375
2017-07-03,21479.26953125
2017-07-05,21478.169921875
2017-07-06,21320.0390625
2017-07-07,21414.33984375
2017-07-10,21408.51953125
2017-07-11,21409.0703125
2017-07-12,21532.140625
2017-07-13,21553.08984375
2017-07-14,21637.740234375
2017-07-17,21629.720703125
2017-07-18,21574.73046875
2017-07-19,21640.75
2017-07-20,21611.779296875
2017-07-21,21580.0703125
2017-07-24,21513.169921875
2017-07-25,21613.4296875
2017-07-26,21711.009765625
2017-07-27,21796.55078125
2017-07-28,21830.310546875
2017-07-31,21891.119140625
2017-08-01,21963.919921875
2017-08-02,22016.240234375
2017-08-03,22026.099609375
2017-08-04,22092.810546875
2017-08-07,22118.419921875
2017-08-08,22085.33984375
2017-08-09,22048.69921875
2017-08-10,21844.009765625
2017-08-11,21858.3203125
2017-08-14,21993.7109375
2017-08-15,21998.990234375
2017-08-16,22024.869140625
2017-08-17,21750.73046875
2017-08-18,21674.509765625
2017-08-21,21703.75
2017-08-22,21899.890625
2017-08-23,21812.08984375
2017-08-24,21783.400390625
2017-08-25,21813.669921875
2017-08-28,21808.400390625
2017-08-29,21865.369140625
2017-08-30,21892.4296875
2017-08-31,21948.099609375
2017-09-01,21987.560546875
2017-09-05,21753.310546875
2017-09-06,21807.640625
2017-09-07,21784.779296875
2017-09-08,21797.7890625
2017-09-11,22057.369140625
2017-09-12,22118.859375
2017-09-13,22158.1796875
2017-09-14,22203.48046875
2017-09-15,22268.33984375
2017-09-18,22331.349609375
2017-09-19,22370.80078125
2017-09-20,22412.58984375
2017-09-21,22359.23046875
2017-09-22,22349.58984375
2017-09-25,22296.08984375
2017-09-26,22284.3203125
2017-09-27,22340.7109375
2017-09-28,22381.19921875
2017-09-29,22405.08984375
2017-10-02,22557.599609375
2017-10-03,22641.669921875
2017-10-04,22661.640625
2017-10-05,22775.390625
2017-10-06,22773.669921875
2017-10-09,22761.0703125
2017-10-10,22830.6796875
2017-10-11,22872.890625
2017-10-12,22841.009765625
2017-10-13,22871.720703125
2017-10-16,22956.9609375
2017-10-17,22997.439453125
2017-10-18,23157.599609375
2017-10-19,23163.0390625
2017-10-20,23328.630859375
2017-10-23,23273.9609375
2017-10-24,23441.759765625
2017-10-25,23329.4609375
2017-10-26,23400.859375
2017-10-27,23434.189453125
2017-10-30,23348.740234375
2017-10-31,23377.240234375
2017-11-01,23435.009765625
2017-11-02,23531.380859375
2017-11-03,23539.189453125
2017-11-06,23548.419921875
2017-11-07,23557.23046875
2017-11-08,23563.359375
2017-11-09,23461.939453125
2017-11-10,23422.2109375
2017-11-13,23439.69921875
2017-11-14,23409.470703125
2017-11-15,23271.279296875
2017-11-16,23458.359375
2017-11-17,23358.240234375
2017-11-20,23430.330078125
2017-11-21,23590.830078125
2017-11-22,23526.1796875
2017-11-24,23557.990234375
2017-11-27,23580.779296875
2017-11-28,23836.7109375
2017-11-29,23940.6796875
2017-11-30,24272.349609375
2017-12-01,24231.58984375
2017-12-04,24290.05078125
2017-12-05,24180.640625
2017-12-06,24140.91015625
2017-12-07,24211.48046875
2017-12-08,24329.16015625
2017-12-11,24386.029296875
2017-12-12,24504.80078125
2017-12-13,24585.4296875
2017-12-14,24508.66015625
2017-12-15,24651.740234375
2017-12-18,24792.19921875
2017-12-19,24754.75
2017-12-20,24726.650390625
2017-12-21,24782.2890625
2017-12-22,24754.060546875
2017-12-26,24746.2109375
2017-12-27,24774.30078125
2017-12-28,24837.509765625
2017-12-29,24719.220703125
2018-01-02,24824.009765625
2018-01-03,24922.6796875
2018-01-04,25075.130859375
2018-01-05,25295.869140625
2018-01-08,25283.0
2018-01-09,25385.80078125
2018-01-10,25369.130859375
2018-01-11,25574.73046875
2018-01-12,25803.189453125
2018-01-16,25792.859375
2018-01-17,26115.650390625
2018-01-18,26017.810546875
2018-01-19,26071.720703125
2018-01-22,26214.599609375
2018-01-23,26210.810546875
2018-01-24,26252.119140625
2018-01-25,26392.7890625
2018-01-26,26616.7109375
2018-01-29,26439.48046875
2018-01-30,26076.890625
2018-01-31,26149.390625
2018-02-01,26186.7109375
2018-02-02,25520.9609375
2018-02-05,24345.75
2018-02-06,24912.76953125
2018-02-07,24893.349609375
2018-02-08,23860.4609375
2018-02-09,24190.900390625
2018-02-12,24601.26953125
2018-02-13,24640.44921875
2018-02-14,24893.490234375
2018-02-15,25200.369140625
2018-02-16,25219.380859375
2018-02-20,24964.75
2018-02-21,24797.779296875
2018-02-22,24962.48046875
2018-02-23,25309.990234375
2018-02-26,25709.26953125
2018-02-27,25410.029296875
2018-02-28,25029.19921875
2018-03-01,24608.98046875
2018-03-02,24538.060546875
2018-03-05,24874.759765625
2018-03-06,24884.119140625
2018-03-07,24801.359375
2018-03-08,24895.2109375
2018-03-09,25335.740234375
2018-03-12,25178.609375
2018-03-13,25007.029296875
2018-03-14,24758.119140625
2018-03-15,24873.66015625
2018-03-16,24946.509765625
2018-03-19,24610.91015625
2018-03-20,24727.26953125
2018-03-21,24682.310546875
2018-03-22,23957.890625
2018-03-23,23533.19921875
2018-03-26,24202.599609375
2018-03-27,23857.7109375
2018-03-28,23848.419921875
2018-03-29,24103.109375
2018-04-02,23644.189453125
2018-04-03,24033.359375
2018-04-04,24264.30078125
2018-04-05,24505.220703125
2018-04-06,23932.759765625
2018-04-09,23979.099609375
2018-04-10,24408.0
2018-04-11,24189.44921875
2018-04-12,24483.05078125
2018-04-13,24360.140625
2018-04-16,24573.0390625
2018-04-17,24786.630859375
2018-04-18,24748.0703125
2018-04-19,24664.890625
2018-04-20,24462.939453125
2018-04-23,24448.689453125
2018-04-24,24024.130859375
2018-04-25,24083.830078125
2018-04-26,24322.33984375
2018-04-27,24311.189453125
2018-04-30,24163.150390625
2018-05-01,24099.05078125
2018-05-02,23924.98046875
2018-05-03,23930.150390625
2018-05-04,24262.509765625
2018-05-07,24357.3203125
2018-05-08,24360.2109375
2018-05-09,24542.5390625
2018-05-10,24739.529296875
2018-05-11,24831.169921875
2018-05-14,24899.41015625
2018-05-15,24706.41015625
2018-05-16,24768.9296875
2018-05-17,24713.98046875
2018-05-18,24715.08984375
2018-05-21,25013.2890625
2018-05-22,24834.41015625
2018-05-23,24886.810546875
2018-05-24,24811.759765625
2018-05-25,24753.08984375
2018-05-29,24361.44921875
2018-05-30,24667.779296875
2018-05-31,24415.83984375
2018-06-01,24635.2109375
2018-06-04,24813.689453125
2018-06-05,24799.98046875
2018-06-06,25146.390625
2018-06-07,25241.41015625
2018-06-08,25316.529296875
2018-06-11,25322.310546875
2018-06-12,25320.73046875
2018-06-13,25201.19921875
2018-06-14,25175.310546875
2018-06-15,25090.48046875
2018-06-18,24987.470703125
2018-06-19,24700.2109375
2018-06-20,24657.80078125
2018-06-21,24461.69921875
2018-06-22,24580.890625
2018-06-25,24252.80078125
2018-06-26,24283.109375
2018-06-27,24117.58984375
2018-06-28,24216.05078125
2018-06-29,24271.41015625
2018-07-02,24307.1796875
2018-07-03,24174.8203125
2018-07-05,24356.740234375
2018-07-06,24456.48046875
2018-07-09,24776.58984375
2018-07-10,24919.66015625
2018-07-11,24700.44921875
2018-07-12,24924.890625
2018-07-13,25019.41015625
2018-07-16,25064.359375
2018-07-17,25119.890625
2018-07-18,25199.2890625
2018-07-19,25064.5
2018-07-20,25058.119140625
2018-07-23,25044.2890625
2018-07-24,25241.939453125
2018-07-25,25414.099609375
2018-07-26,25527.0703125
2018-07-27,25451.060546875
2018-07-30,25306.830078125
2018-07-31,25415.189453125
2018-08-01,25333.8203125
2018-08-02,25326.16015625
2018-08-03,25462.580078125
2018-08-06,25502.1796875
2018-08-07,25628.91015625
2018-08-08,25583.75
2018-08-09,25509.23046875
2018-08-10,25313.140625
2018-08-13,25187.69921875
2018-08-14,25299.919921875
2018-08-15,25162.41015625
2018-08-16,25558.73046875
2018-08-17,25669.3203125
2018-08-20,25758.689453125
2018-08-21,25822.2890625
2018-08-22,25733.599609375
2018-08-23,25656.98046875
2018-08-24,25790.349609375
2018-08-27,26049.640625
2018-08-28,26064.01953125
2018-08-29,26124.5703125
2018-08-30,25986.919921875
2018-08-31,25964.8203125
2018-09-04,25952.48046875
2018-09-05,25974.990234375
2018-09-06,25995.869140625
2018-09-07,25916.5390625
2018-09-10,25857.0703125
2018-09-11,25971.060546875
2018-09-12,25998.919921875
2018-09-13,26145.990234375
2018-09-14,26154.669921875
2018-09-17,26062.119140625
2018-09-18,26246.9609375
2018-09-19,26405.759765625
2018-09-20,26656.98046875
2018-09-21,26743.5
2018-09-24,26562.05078125
2018-09-25,26492.2109375
2018-09-26,26385.279296875
2018-09-27,26439.9296875
2018-09-28,26458.310546875
2018-10-01,26651.2109375
2018-10-02,26773.939453125
2018-10-03,26828.390625
2018-10-04,26627.48046875
2018-10-05,26447.05078125
2018-10-08,26486.779296875
2018-10-09,26430.5703125
2018-10-10,25598.740234375
2018-10-11,25052.830078125
2018-10-12,25339.990234375
2018-10-15,25250.55078125
2018-10-16,25798.419921875
2018-10-17,25706.6796875
2018-10-18,25706.6796875
2018-10-19,25444.33984375
2018-10-22,25317.41015625
2018-10-23,25191.4296875
2018-10-24,24583.419921875
2018-10-25,24984.55078125
2018-10-26,24688.310546875
2018-10-29,24442.919921875
2018-10-30,24874.640625
2018-10-31,25115.759765625
2018-11-01,25380.740234375
2018-11-02,25270.830078125
2018-11-05,25461.69921875
2018-11-06,25635.009765625
2018-11-07,26180.30078125
2018-11-08,26191.220703125
2018-11-09,25989.30078125
2018-11-12,25387.1796875
2018-11-13,25286.490234375
2018-11-14,25080.5
2018-11-15,25289.26953125
2018-11-16,25413.220703125
2018-11-19,25017.439453125
2018-11-20,24465.640625
2018-11-21,24464.689453125
2018-11-23,24285.94921875
2018-11-26,24640.240234375
2018-11-27,24748.73046875
2018-11-28,25366.4296875
2018-11-29,25338.83984375
2018-11-30,25538.4609375
2018-12-03,25826.4296875
2018-12-04,25027.0703125
2018-12-06,24947.669921875
2018-12-07,24388.94921875
2018-12-10,24423.259765625
2018-12-11,24370.240234375
2018-12-12,24527.26953125
2018-12-13,24597.380859375
2018-12-14,24100.509765625
2018-12-17,23592.98046875
2018-12-18,23675.640625
2018-12-19,23323.66015625
2018-12-20,22859.599609375
2018-12-21,22445.369140625
2018-12-24,21792.19921875
2018-12-26,22878.44921875
2018-12-27,23138.8203125
2018-12-28,23062.400390625
2018-12-31,23327.4609375
2019-01-02,23346.240234375
2019-01-03,22686.220703125
2019-01-04,23433.16015625
2019-01-07,23531.349609375
2019-01-08,23787.44921875
2019-01-09,23879.119140625
2019-01-10,24001.919921875
2019-01-11,23995.94921875
2019-01-14,23909.83984375
2019-01-15,24065.58984375
2019-01-16,24207.16015625
2019-01-17,24370.099609375
2019-01-18,24706.349609375
2019-01-22,24404.48046875
2019-01-23,24575.619140625
2019-01-24,24553.240234375
2019-01-25,24737.19921875
2019-01-28,24528.220703125
2019-01-29,24579.9609375
2019-01-30,25014.859375
2019-01-31,24999.669921875
2019-02-01,25063.890625
2019-02-04,25239.369140625
2019-02-05,25411.51953125
2019-02-06,25390.30078125
2019-02-07,25169.529296875
2019-02-08,25106.330078125
2019-02-11,25053.109375
2019-02-12,25425.759765625
2019-02-13,25543.26953125
2019-02-14,25439.390625
2019-02-15,25883.25
2019-02-19,25891.3203125
2019-02-20,25954.439453125
2019-02-21,25850.630859375
2019-02-22,26031.810546875
2019-02-25,26091.94921875
2019-02-26,26057.98046875
2019-02-27,25985.16015625
2019-02-28,25916.0
2019-03-01,26026.3203125
2019-03-04,25819.650390625
2019-03-05,25806.630859375
2019-03-06,25673.4609375
2019-03-07,25473.23046875
2019-03-08,25450.240234375
2019-03-11,25650.880859375
2019-03-12,25554.66015625
2019-03-13,25702.890625
2019-03-14,25709.939453125
2019-03-15,25848.869140625
2019-03-18,25914.099609375
2019-03-19,25887.380859375
2019-03-20,25745.669921875
2019-03-21,25962.509765625
2019-03-22,25502.3203125
2019-03-25,25516.830078125
2019-03-26,25657.73046875
2019-03-27,25625.58984375
2019-03-28,25717.4609375
2019-03-29,25928.6796875
2019-04-01,26258.419921875
2019-04-02,26179.130859375
2019-04-03,26218.130859375
2019-04-04,26384.630859375
2019-04-05,26424.990234375
2019-04-08,26341.01953125
2019-04-09,26150.580078125
2019-04-10,26157.16015625
2019-04-11,26143.05078125
2019-04-12,26412.30078125
2019-04-15,26384.76953125
2019-04-16,26452.66015625
2019-04-17,26449.5390625
2019-04-18,26559.5390625
2019-04-22,26511.05078125
2019-04-23,26656.390625
2019-04-24,26597.05078125
2019-04-25,26462.080078125
2019-04-26,26543.330078125
2019-04-29,26554.390625
2019-04-30,26592.91015625
2019-05-01,26430.140625
2019-05-02,26307.7890625
2019-05-03,26504.94921875
2019-05-06,26438.48046875
2019-05-07,25965.08984375
2019-05-08,25967.330078125
2019-05-09,25828.359375
2019-05-10,25942.369140625
2019-05-13,25324.990234375
2019-05-14,25532.05078125
2019-05-15,25648.01953125
2019-05-16,25862.6796875
2019-05-17,25764.0
2019-05-20,25679.900390625
2019-05-21,25877.330078125
2019-05-22,25776.609375
2019-05-23,25490.470703125
2019-05-24,25585.689453125
2019-05-28,25347.76953125
2019-05-29,25126.41015625
2019-05-30,25169.880859375
2019-05-31,24815.0390625
2019-06-03,24819.779296875
2019-06-04,25332.1796875
2019-06-05,25539.5703125
2019-06-06,25720.66015625
2019-06-07,25983.939453125
2019-06-10,26062.6796875
2019-06-11,26048.509765625
2019-06-12,26004.830078125
2019-06-13,26106.76953125
2019-06-14,26089.609375
2019-06-17,26112.529296875
2019-06-18,26465.5390625
2019-06-19,26504.0
2019-06-20,26753.169921875
2019-06-21,26719.130859375
2019-06-24,26727.5390625
2019-06-25,26548.220703125
2019-06-26,26536.8203125
2019-06-27,26526.580078125
2019-06-28,26599.9609375
2019-07-01,26717.4296875
2019-07-02,26786.6796875
2019-07-03,26966.0
2019-07-05,26922.119140625
2019-07-08,26806.140625
2019-07-09,26783.490234375
2019-07-10,26860.19921875
2019-07-11,27088.080078125
2019-07-12,27332.029296875
2019-07-15,27359.16015625
2019-07-16,27335.630859375
2019-07-17,27219.849609375
2019-07-18,27222.970703125
2019-07-19,27154.19921875
2019-07-22,27171.900390625
2019-07-23,27349.189453125
2019-07-24,27269.970703125
2019-07-25,27140.98046875
2019-07-26,27192.44921875
2019-07-29,27221.349609375
2019-07-30,27198.01953125
2019-07-31,26864.26953125
2019-08-01,26583.419921875
2019-08-02,26485.009765625
2019-08-05,25717.740234375
2019-08-06,26029.51953125
2019-08-07,26007.0703125
2019-08-08,26378.189453125
2019-08-09,26287.439453125
2019-08-12,25896.439453125
2019-08-13,26279.91015625
2019-08-14,25479.419921875
2019-08-15,25579.390625
2019-08-16,25886.009765625
2019-08-19,26135.7890625
2019-08-20,25962.439453125
2019-08-21,26202.73046875
2019-08-22,26252.240234375
2019-08-23,25628.900390625
2019-08-26,25898.830078125
2019-08-27,25777.900390625
2019-08-28,26036.099609375
2019-08-29,26362.25
2019-08-30,26403.279296875
2019-09-03,26118.01953125
2019-09-04,26355.470703125
2019-09-05,26728.150390625
2019-09-06,26797.4609375
2019-09-09,26835.509765625
2019-09-10,26909.4296875
2019-09-11,27137.0390625
2019-09-12,27182.44921875
2019-09-13,27219.51953125
2019-09-16,27076.8203125
2019-09-17,27110.80078125
2019-09-18,27147.080078125
2019-09-19,27094.7890625
2019-09-20,26935.0703125
2019-09-23,26949.990234375
2019-09-24,26807.76953125
2019-09-25,26970.7109375
2019-09-26,26891.119140625
2019-09-27,26820.25
2019-09-30,26916.830078125
2019-10-01,26573.0390625
2019-10-02,26078.619140625
2019-10-03,26201.0390625
2019-10-04,26573.720703125
2019-10-07,26478.01953125
2019-10-08,26164.0390625
2019-10-09,26346.009765625
2019-10-10,26496.669921875
2019-10-11,26816.58984375
2019-10-14,26787.359375
2019-10-15,27024.80078125
2019-10-16,27001.98046875
2019-10-17,27025.880859375
2019-10-18,26770.19921875
2019-10-21,26827.640625
2019-10-22,26788.099609375
2019-10-23,26833.94921875
2019-10-24,26805.529296875
2019-10-25,26958.060546875
2019-10-28,27090.720703125
2019-10-29,27071.4609375
2019-10-30,27186.689453125
2019-10-31,27046.23046875
2019-11-01,27347.359375
2019-11-04,27462.109375
2019-11-05,27492.630859375
2019-11-06,27492.560546875
2019-11-07,27674.80078125
2019-11-08,27681.240234375
2019-11-11,27691.490234375
2019-11-12,27691.490234375
2019-11-13,27783.58984375
2019-11-14,27781.9609375
2019-11-15,28004.890625
2019-11-18,28036.220703125
2019-11-19,27934.01953125
2019-11-20,27821.08984375
2019-11-21,27766.2890625
2019-11-22,27875.619140625
2019-11-25,28066.470703125
2019-11-26,28121.6796875
2019-11-27,28164.0
2019-11-29,28051.41015625
2019-12-02,27783.0390625
2019-12-03,27502.810546875
2019-12-04,27649.779296875
2019-12-05,27677.7890625
2019-12-06,28015.060546875
2019-12-09,27909.599609375
2019-12-10,27881.720703125
2019-12-11,27911.30078125
2019-12-12,28132.05078125
2019-12-13,28135.380859375
2019-12-16,28235.890625
2019-12-17,28267.16015625
2019-12-18,28239.279296875
2019-12-19,28376.9609375
2019-12-20,28455.08984375
2019-12-23,28551.529296875
2019-12-24,28515.44921875
2019-12-26,28621.390625
2019-12-27,28645.259765625
2019-12-30,28462.140625
2019-12-31,28538.439453125
2020-01-02,28868.80078125
2020-01-03,28634.880859375
2020-01-06,28703.380859375
2020-01-07,28583.6796875
2020-01-08,28745.08984375
2020-01-09,28956.900390625
2020-01-10,28823.76953125
2020-01-13,28907.05078125
2020-01-14,28939.669921875
2020-01-15,29030.220703125
2020-01-16,29297.640625
2020-01-17,29348.099609375
2020-01-21,29196.0390625
2020-01-22,29186.26953125
2020-01-23,29160.08984375
2020-01-24,28989.73046875
2020-01-27,28535.80078125
2020-01-28,28722.849609375
2020-01-29,28734.44921875
2020-01-30,28859.439453125
2020-01-31,28256.029296875
2020-02-03,28399.810546875
2020-02-04,28807.630859375
2020-02-05,29290.849609375
2020-02-06,29379.76953125
2020-02-07,29102.509765625
2020-02-10,29276.8203125
2020-02-11,29276.33984375
2020-02-12,29551.419921875
2020-02-13,29423.310546875
2020-02-14,29398.080078125
2020-02-18,29232.189453125
2020-02-19,29348.029296875
2020-02-20,29219.98046875
2020-02-21,28992.41015625
2020-02-24,27960.80078125
2020-02-25,27081.359375
2020-02-26,26957.58984375
2020-02-27,25766.640625
2020-02-28,25409.359375
2020-03-02,26703.3203125
2020-03-03,25917.41015625
2020-03-04,27090.859375
2020-03-05,26121.279296875
2020-03-06,25864.779296875
2020-03-09,23851.01953125
2020-03-10,25018.16015625
2020-03-11,23553.220703125
2020-03-12,21200.619140625
2020-03-13,23185.619140625
2020-03-16,20188.51953125
2020-03-17,21237.380859375
2020-03-18,19898.919921875
2020-03-19,20087.189453125
2020-03-20,19173.98046875
2020-03-23,18591.9296875
2020-03-24,20704.91015625
2020-03-25,21200.55078125
2020-03-26,22552.169921875
2020-03-27,21636.779296875
2020-03-30,22327.48046875
2020-03-31,21917.16015625
2020-04-01,20943.509765625
2020-04-02,21413.439453125
2020-04-03,21052.529296875
2020-04-06,22679.990234375
2020-04-07,22653.859375
2020-04-08,23433.5703125
2020-04-09,23719.369140625
2020-04-13,23390.76953125
2020-04-14,23949.759765625
2020-04-15,23504.349609375
2020-04-16,23537.6796875
2020-04-17,24242.490234375
2020-04-20,23650.439453125
2020-04-21,23018.880859375
2020-04-22,23475.8203125
2020-04-23,23515.259765625
2020-04-24,23775.26953125
2020-04-27,24133.779296875
2020-04-28,24101.55078125
2020-04-29,24633.859375
2020-04-30,24345.720703125
2020-05-01,23723.689453125
2020-05-04,23749.759765625
2020-05-05,23883.08984375
2020-05-06,23664.640625
2020-05-07,23875.890625
2020-05-08,24331.3203125
2020-05-11,24221.990234375
2020-05-12,23764.779296875
2020-05-13,23247.970703125
2020-05-14,23625.33984375
2020-05-15,23685.419921875
2020-05-18,24597.369140625
2020-05-19,24206.859375
2020-05-20,24575.900390625
2020-05-21,24474.119140625
2020-05-22,24465.16015625
2020-05-26,24995.109375
2020-05-27,25548.26953125
2020-05-28,25400.640625
2020-05-29,25383.109375
2020-06-01,25475.01953125
2020-06-02,25742.650390625
2020-06-03,26269.890625
2020-06-04,26281.8203125
2020-06-05,27110.98046875
2020-06-08,27572.439453125
2020-06-09,27272.30078125
2020-06-10,26989.990234375
2020-06-11,25128.169921875
2020-06-12,25605.5390625
2020-06-15,25763.16015625
2020-06-16,26289.98046875
2020-06-17,26119.609375
2020-06-18,26080.099609375
2020-06-19,25871.4609375
2020-06-22,26024.9609375
2020-06-23,26156.099609375
